Model,MAE,RMSE,R2
GRU,0.21513258000523067,0.277231766233141,0.4568584084272237
