Model,MAE,RMSE,R2
LSTM,0.218580525152371,0.27461320542004525,0.4670703149538412
