Model,MAE,RMSE,R2
Random Forest,0.019090238805004,0.0299250251374959,0.9938593815901916
XGBoost,0.0197383534841777,0.030269228140881,0.9937173081982024
LSTM,0.218580525152371,0.2746132054200452,0.4670703149538412
GRU,0.2151325800052306,0.277231766233141,0.4568584084272237
