Model,MAE,RMSE,R2
Random Forest,0.019090238805004087,0.029925025137495998,0.9938593815901917
