Model,MAE,RMSE,R2
XGBoost,0.019738353484177767,0.03026922814088106,0.9937173081982023
